unaccepted_synonym,accepted_synonym,spp_id,resource_id
Aedimorphus vexans,Aedes vexans,aedvex,WRBU_2010
Stegomyia aegypti,Aedes aegypti,aedaeg,WRBU_2010
Stegomyia albopicta,Aedes albopictus,aedalb,WRBU_2010
Culiseta alaskensis,Culiseta alaskaensis,culala,WRBU_2010
Ochlerotatus aboriginis,Aedes aboriginis,aedabo,WRBU_2010
Ochlerotatus abserratus,Aedes abserratus,aedabs,WRBU_2010
Ochlerotatus aloponotum,Aedes aloponotum,aedalo,WRBU_2010
Ochlerotatus atlanticus,Aedes atlanticus,aedatl,WRBU_2010
Ochlerotatus aurifer,Aedes aurifer,aedaur,WRBU_2010
Ochlerotatus bimaculatus,Aedes bimaculatus,aedbim,WRBU_2010
Ochlerotatus campestris,Aedes campestris,aedcam,WRBU_2010
Ochlerotatus cantator,Aedes cantator,aedcan3,WRBU_2010
Ochlerotatus cataphylla,Aedes cataphylla,aedcat,WRBU_2010
Ochlerotatus churchillensis,Aedes churchillensis,aedchu,WRBU_2010
Ochlerotatus clivis,Aedes clivis,aedcli,WRBU_2010
Ochlerotatus communis,Aedes communis,aedcom,WRBU_2010
Ochlerotatus decticus,Aedes decticus,aeddec,WRBU_2010
Ochlerotatus diantaeus,Aedes diantaeus,aeddia,WRBU_2010
Ochlerotatus dorsalis,Aedes dorsalis,aeddor,WRBU_2010
Ochlerotatus dupreei,Aedes dupreei,aeddup,WRBU_2010
Ochlerotatus euedes,Aedes euedes,aedeue,WRBU_2010
Ochlerotatus excrucians,Aedes excrucians,aedexc,WRBU_2010
Ochlerotatus fitchii,Aedes fitchii,aedfit,WRBU_2010
Ochlerotatus flavescens,Aedes flavescens,aedfla,WRBU_2010
Ochlerotatus grossbecki,Aedes grossbecki,aedgro,WRBU_2010
Ochlerotatus hexodontus,Aedes hexodontus,aedhex,WRBU_2010
Ochlerotatus impiger,Aedes impiger,aedimp1,WRBU_2010
Ochlerotatus implicatus,Aedes implicatus,aedimp2,WRBU_2010
Ochlerotatus increpitus,Aedes increpitus,aedinc,WRBU_2010
Ochlerotatus infirmatus,Aedes infirmatus,aedinf,WRBU_2010
Ochlerotatus intrudens,Aedes intrudens,aedint,WRBU_2010
Ochlerotatus melanimon,Aedes melanimon,aedmel,WRBU_2010
Ochlerotatus mercurator,Aedes mercurator,aedmer,WRBU_2010
Ochlerotatus mitchellae,Aedes mitchellae,aedmit,WRBU_2010
Ochlerotatus nevadensis,Aedes nevadensis,aednev,WRBU_2010
Ochlerotatus niphadopsis,Aedes niphadopsis,aednip,WRBU_2010
Ochlerotatus pionips,Aedes pionips,aedpio,WRBU_2010
Ochlerotatus pullatus,Aedes pullatus,aedpul,WRBU_2010
Ochlerotatus punctodes,Aedes punctodes,aedpun1,WRBU_2010
Ochlerotatus punctor,Aedes punctor,aedpun2,WRBU_2010
Ochlerotatus rempeli,Aedes rempeli,aedrem,WRBU_2010
Ochlerotatus riparius,Aedes riparius,aedrip,WRBU_2010
Ochlerotatus scapularis,Aedes scapularis,aedsca,WRBU_2010
Ochlerotatus schizopinax,Aedes schizopinax,aedsch,WRBU_2010
Ochlerotatus sollicitans,Aedes sollicitans,aedsol,WRBU_2010
Ochlerotatus squamiger,Aedes squamiger,aedsqu,WRBU_2010
Ochlerotatus sticticus,Aedes sticticus,aedsti1,WRBU_2010
Ochlerotatus stimulans,Aedes stimulans,aedsti2,WRBU_2010
Ochlerotatus taeniorhynchus,Aedes taeniorhynchus,aedtae,WRBU_2010
Ochlerotatus tahoensis,Aedes tahoensis,aedtah,WRBU_2010
Ochlerotatus thelcter,Aedes thelcter,aedthe,WRBU_2010
Ochlerotatus thibaulti,Aedes thibaulti,aedthi,WRBU_2010
Ochlerotatus tormentor,Aedes tormentor,aedtor1,WRBU_2010
Ochlerotatus tortilis,Aedes tortilis,aedtor2,WRBU_2010
Ochlerotatus trivittatus,Aedes trivittatus,aedtri1,WRBU_2010
Ochlerotatus ventrovittis,Aedes ventrovittis,aedven,WRBU_2010
Ochlerotatus washinoi,Aedes washinoi,aedwas,WRBU_2010
Ochlerotatus brelandi,Aedes brelandi,aedbre,WRBU_2010
Ochlerotatus burgeri,Aedes burgeri,aedbur,WRBU_2010
Ochlerotatus hendersoni,Aedes hendersoni,aedhen,WRBU_2010
Ochlerotatus triseriatus,Aedes triseriatus,aedtri2,WRBU_2010
Ochlerotatus zoosophus,Aedes zoosophus,aedzoo,WRBU_2010
Ochlerotatus bicristatus,Aedes bicristatus,aedbic,WRBU_2010
Ochlerotatus provocans,Aedes provocans,aedpro,WRBU_2010
Hulecoeteomyia japonica,Aedes japonicus,aedjap,WRBU_2010
Tanakaius togoi,Aedes togoi,aedtog,WRBU_2010
Gymnometopa mediovittata,Aedes mediovittatus,aedmed,WRBU_2010
Georgecraigius atropalpus,Aedes atropalpus,aedatr,WRBU_2010
Ochlerotatus canadensis,Aedes canadensis,aedcan1,WRBU_2010
Ochlerotatus condolescens,Aedes condolescens,aedcon,WRBU_2010
Jarnellius deserticola,Aedes deserticola,aeddes,WRBU_2010
Georgecraigius epactius,Aedes epactius,aedepa,WRBU_2010
Jarnellius monticola,Aedes monticola,aedmon,WRBU_2010
Lewnielsenius muelleri,Aedes muelleri,aedmue,WRBU_2010
Toxorhynchites nigripes,Aedes nigripes,aednig1,WRBU_2010
Ochlerotatus nigromaculis,Aedes nigromaculis,aednig2,WRBU_2010
Ochlerotatus obturbator,Aedes obturbator,aedobt,WRBU_2010
Tripteroides serratus,Aedes serratus,aedser,WRBU_2010
Jarnellius sierrensis,Aedes sierrensis,aedsie,WRBU_2010
Ochlerotatus spencerii,Aedes spencerii,aedspe,WRBU_2010
Jarnellius varipalpus,Aedes varipalpus,aedvar,WRBU_2010
Ochlerotatus kompi,Aedes kompi,aedkom,WRBU_2010
Abraedes papago,Aedes papago,aedpap,WRBU_2010
Howardina bahamensis,Aedes bahamensis,aedbah,WRBU_2010
Kompia purpureipes,Aedes purpureipes,aedpur,WRBU_2010
Ochlerotatus togoi,Aedes togoi,aedtog,WRBU_2010
Ochlerotatus atropalpus,Aedes atropalpus,aedatr,WRBU_2010
Ochlerotatus deserticola,Aedes deserticola,aeddes,WRBU_2010
Ochlerotatus epactius,Aedes epactius,aedepa,WRBU_2010
Ochlerotatus fulvus pallens,Aedes fulvus pallens,aedful,WRBU_2010
Ochlerotatus monticola,Aedes monticola,aedmon,WRBU_2010
Ochlerotatus muelleri,Aedes muelleri,aedmue,WRBU_2010
Ochlerotatus nigripes,Aedes nigripes,aednig1,WRBU_2010
Ochlerotatus nigrimaculis,Aedes nigromaculis,aednig2,WRBU_2010
Ochlerotatus sierrensis,Aedes sierrensis,aedsie,WRBU_2010
Ochlerotatus varipalpus,Aedes varipalpus,aedvar,WRBU_2010
Ochlerotatus papago,Aedes papago,aedpap,WRBU_2010
Ochlerotatus bahamensis,Aedes bahamensis,aedbah,WRBU_2010
Ochlerotatus purpureipes,Aedes purpureipes,aedpur,WRBU_2010
